/en/blog/pwa-vite/ /en/pwa-vite/ 301
/en/blog/github-packages/ /en/github-packages/ 301
/en/blog/gatsby-netlify-cms/ /en/gatsby-netlify-cms/ 301
/blog/page:1 /blog/ 301
/blog/page:2 /blog/ 301
/blog/page:3 /blog/ 301
/blog/page:4 /blog/ 301
/blog/angular-libraries-storybook/ /angular-libraries-storybook/ 301
/blog/errores-cors-vite-vue/ /errores-cors-vite-vue/ 301
/blog/github-copilot/ /github-copilot/ 301
/blog/pwa-vite/ /pwa-vite/ 301
/blog/magento-adobe-commerce/ /magento-adobe-commerce/ 301
/blog/github-packages/ /github-packages/ 301
/blog/5-newsletters-de-desarrollo-a-las-que-tienes-que-suscribirte-en-2021/ /5-newsletters-de-desarrollo-a-las-que-tienes-que-suscribirte-en-2021/ 301
/blog/nextjs-commerce/ /nextjs-commerce/ 301
/blog/programacion-retos-problemas-aprendizaje-en-linea/ /programacion-retos-problemas-aprendizaje-en-linea/ 301
/blog/generacion-de-librerias-js-con-webpack/ /generacion-de-librerias-js-con-webpack/ 301
/blog/ackee-analitica-web-sencilla/ /ackee-analitica-web-sencilla/ 301
/blog/gatsby-y-netlify-cms/ /gatsby-y-netlify-cms/ 301
/blog/basicos-en-pwa-studio-estructura-tecnologias-instalacion-y-elementos-principales/ /basicos-en-pwa-studio-estructura-tecnologias-instalacion-y-elementos-principales/ 301
/blog/de-grav-a-gatsby-migracion-de-un-flat-file-cms-a-jamstack/ /de-grav-a-gatsby-migracion-de-un-flat-file-cms-a-jamstack/ 301
/blog/gatsbyjs-y-leaflet-como-crear-una-aplicacion-para-mostrar-estadisticas-sobre-covid-19/ /gatsbyjs-y-leaflet-como-crear-una-aplicacion-para-mostrar-estadisticas-sobre-covid-19/ 301
/blog/vs-code-eslint-prettier/ /vs-code-eslint-prettier/ 301
/blog/magechatbot/ /magechatbot/ 301
/blog/hello-world-2-0/ /hello-world-2-0/ 301
/blog/reacticon-2018-cronica/ /reacticon-2018-cronica/ 301
/blog/ocultar-automaticamente-los-mensajes-en-magento-2/ /ocultar-automaticamente-los-mensajes-en-magento-2/ 301
/blog/layout-extend-y-override/ /layout-extend-y-override/ 301
/blog/que-tal-el-mage-titans-es-2017/ /que-tal-el-mage-titans-es-2017/ 301
/blog/se-mas-productivo-con-phpstorm/ /se-mas-productivo-con-phpstorm/ 301
/blog/meet-magento-de-2017/ /meet-magento-de-2017/ 301
/blog/usando-susy-en-magento-2/ /usando-susy-en-magento-2/ 301
/blog/front-end-maquetacion-y-la-vision-selectiva/ /front-end-maquetacion-y-la-vision-selectiva/ 301
/blog/una-de-maquetacion-orden-y-estructura-en-tus-ficheros-scss/ /una-de-maquetacion-orden-y-estructura-en-tus-ficheros-scss/ 301
/blog/2-horas-con-magento-2/ /2-horas-con-magento-2/ 301
/blog/sugerencias-para-documentar-el-front-end-de-tu-proyecto-aka-documentad-malditos/ /sugerencias-para-documentar-el-front-end-de-tu-proyecto-aka-documentad-malditos/ 301
/blog/modificar-la-estructura-de-css-en-magento-2/ /modificar-la-estructura-de-css-en-magento-2/ 301
/blog/hello-world/ /hello-world/ 301